,match_id,bigmatchflag
0,20191109-M-NextGen_Finals-F-Jannik_Sinner-Alex_De_Minaur,True
1,20191108-M-NextGen_Finals-SF-Francis_Tiafoe-Alex_De_Minaur,True
2,20191107-M-NextGen_Finals-RR-Casper_Ruud-Alex_De_Minaur,True
3,20191106-M-NextGen_Finals-RR-Miomir_Kecmanovic-Alex_De_Minaur,True
4,20191105-M-NextGen_Finals-RR-Alejandro_Davidovich_Fokina-Alex_De_Minaur,True
5,20190906-M-US_Open-SF-Grigor_Dimitrov-Daniil_Medvedev,True
6,20190904-M-US_Open-QF-Rafael_Nadal-Diego_Sebastian_Schwartzman,True
7,20190903-M-US_Open-QF-Stanislas_Wawrinka-Daniil_Medvedev,True
8,20190901-M-US_Open-R16-Grigor_Dimitrov-Alex_De_Minaur,True
9,20190831-M-US_Open-R32-Denis_Shapovalov-Gael_Monfils,True
10,20190830-M-US_Open-R32-Feliciano_Lopez-Daniil_Medvedev,True
11,20190829-M-US_Open-R64-Thomas_Fabbiano-Alexander_Bublik,True
12,20190829-M-US_Open-R64-Paolo_Lorenzi-Miomir_Kecmanovic,True
13,20190829-M-US_Open-R64-Hugo_Dellien-Daniil_Medvedev,True
14,20190829-M-US_Open-R64-Feliciano_Lopez-Yoshihito_Nishioka,True
15,20190828-M-US_Open-R64-Reilly_Opelka-Dominik_Koepfer,True
16,20190828-M-US_Open-R64-Alex_De_Minaur-Christian_Garin,True
17,20190827-M-US_Open-R128-Stefanos_Tsitsipas-Andrey_Rublev,True
18,20190827-M-US_Open-R128-Robin_Haase-Diego_Sebastian_Schwartzman,True
19,20190827-M-US_Open-R128-Dominic_Thiem-Thomas_Fabbiano,True
20,20190826-M-US_Open-R128-Nikoloz_Basilashvili-Marton_Fucsovics,True
21,20190826-M-US_Open-R128-Janko_Tipsarevic-Denis_Kudla,True
22,20190714-M-Wimbledon-F-Roger_Federer-Novak_Djokovic,True
23,20190712-M-Wimbledon-SF-Roger_Federer-Rafael_Nadal,True
24,20190712-M-Wimbledon-SF-Novak_Djokovic-Roberto_Bautista_Agut,True
25,20190710-M-Wimbledon-QF-Roger_Federer-Kei_Nishikori,True
26,20190710-M-Wimbledon-QF-Novak_Djokovic-David_Goffin,True
27,20190710-M-Wimbledon-QF-Guido_Pella-Roberto_Bautista_Agut,True
28,20190708-M-Wimbledon-R16-Roger_Federer-Matteo_Berrettini,True
29,20190708-M-Wimbledon-R16-Kei_Nishikori-Mikhail_Kukushkin,True
30,20190708-M-Wimbledon-R16-Joao_Sousa-Rafael_Nadal,True
31,20190708-M-Wimbledon-R16-Fernando_Verdasco-David_Goffin,True
32,20190706-M-Wimbledon-R32-Steve_Johnson-Kei_Nishikori,True
33,20190706-M-Wimbledon-R32-Roger_Federer-Lucas_Pouille,True
34,20190706-M-Wimbledon-R32-Rafael_Nadal-Jo_Wilfried_Tsonga,True
35,20190705-M-Wimbledon-R32-Roberto_Bautista_Agut-Karen_Khachanov,True
36,20190705-M-Wimbledon-R32-Reilly_Opelka-Milos_Raonic,True
37,20190705-M-Wimbledon-R32-Hubert_Hurkacz-Novak_Djokovic,True
38,20190705-M-Wimbledon-R32-Guido_Pella-Kevin_Anderson,True
39,20190705-M-Wimbledon-R32-Daniil_Medvedev-David_Goffin,True
40,20190704-M-Wimbledon-R64-Roger_Federer-Jay_Clarke,True
41,20190704-M-Wimbledon-R64-Rafael_Nadal-Nick_Kyrgios,True
42,20190704-M-Wimbledon-R64-Matteo_Berrettini-Marcos_Baghdatis,True
43,20190704-M-Wimbledon-R64-Cameron_Norrie-Kei_Nishikori,True
44,20190703-M-Wimbledon-R64-Thomas_Fabbiano-Ivo_Karlovic,True
45,20190703-M-Wimbledon-R64-Stanislas_Wawrinka-Reilly_Opelka,True
46,20190703-M-Wimbledon-R64-Novak_Djokovic-Denis_Kudla,True
47,20190703-M-Wimbledon-R64-Milos_Raonic-Robin_Haase,True
48,20190702-M-Wimbledon-R128-Thiago_Monteiro-Kei_Nishikori,True
49,20190702-M-Wimbledon-R128-Sam_Querrey-Dominic_Thiem,True
50,20190702-M-Wimbledon-R128-Lucas_Pouille-Richard_Gasquet,True
51,20190702-M-Wimbledon-R128-Brayden_Schnur-Marcos_Baghdatis,True
52,20190701-M-Wimbledon-R128-Stefanos_Tsitsipas-Thomas_Fabbiano,True
53,20190701-M-Wimbledon-R128-Stanislas_Wawrinka-Ruben_Bemelmans,True
54,20190701-M-Wimbledon-R128-Rafael_Nadal-Yuichi_Sugita,True
55,20190701-M-Wimbledon-R128-Novak_Djokovic-Philipp_Kohlschreiber,True
56,20190701-M-Wimbledon-R128-Jozef_Kovalik-Robin_Haase,True
57,20190701-M-Wimbledon-R128-Daniil_Medvedev-Paolo_Lorenzi,True
58,20190701-M-Wimbledon-R128-Andrea_Arnaboldi-Ivo_Karlovic,True
59,20190701-M-Wimbledon-R128-Alexander_Zverev-Jiri_Vesely,True
60,20190607-M-Roland_Garros-SF-Rafael_Nadal-Roger_Federer,True
61,20190607-M-Roland_Garros-SF-Novak_Djokovic-Dominic_Thiem,True
62,20190601-M-Roland_Garros-R32-Jordan_Thompson-Juan_Martin_Del_Potro,True
63,20190530-M-Roland_Garros-R64-Yoshihito_Nishioka-Juan_Martin_Del_Potro,True
64,20190528-M-Roland_Garros-R128-Nicolas_Jarry-Juan_Martin_Del_Potro,True
65,20190528-M-Roland_Garros-R128-Gael_Monfils-Taro_Daniel,True
66,20190527-M-Roland_Garros-R128-Aljaz_Bedene-Borna_Coric,True
67,20190526-M-Roland_Garros-R128-Robin_Haase-Philipp_Kohlschreiber,True
68,20190526-M-Roland_Garros-R128-Grigor_Dimitrov-Janko_Tipsarevic,True
69,20190125-M-Australian_Open-SF-Novak_Djokovic-Lucas_Pouille,True
70,20190124-M-Australian_Open-SF-Stefanos_Tsitsipas-Rafael_Nadal,True
71,20190122-M-Australian_Open-QF-Rafael_Nadal-Francis_Tiafoe,True
72,20190121-M-Australian_Open-R16-Novak_Djokovic-Daniil_Medvedev,True
73,20190121-M-Australian_Open-R16-Milos_Raonic-Alexander_Zverev,True
74,20190120-M-Australian_Open-R16-Stefanos_Tsitsipas-Roger_Federer,True
75,20190119-M-Australian_Open-R32-Fabio_Fognini-Pablo_Carreno_Busta,True
76,20190119-M-Australian_Open-R32-Alexei_Popyrin-Lucas_Pouille,True
77,20190118-M-Australian_Open-R32-Stefanos_Tsitsipas-Nikoloz_Basilashvili,True
78,20190118-M-Australian_Open-R32-Fernando_Verdasco-Marin_Cilic,True
79,20190117-M-Australian_Open-R64-Marius_Copil-David_Goffin,True
80,20190117-M-Australian_Open-R64-Denis_Shapovalov-Taro_Daniel,True
81,20190116-M-Australian_Open-R64-Kevin_Anderson-Francis_Tiafoe,True
82,20190115-M-Australian_Open-R128-Ugo_Humbert-Jeremy_Chardy,True
83,20190115-M-Australian_Open-R128-Pierre_Hugues_Herbert-Sam_Querrey,True
84,20190115-M-Australian_Open-R128-Dominic_Thiem-Benoit_Paire,True
85,20190115-M-Australian_Open-R128-Alexander_Zverev-Aljaz_Bedene,True
86,20190114-M-Australian_Open-R128-Taylor_Harry_Fritz-Cameron_Norrie,True
87,20190114-M-Australian_Open-R128-Stefanos_Tsitsipas-Matteo_Berrettini,True
88,20190114-M-Australian_Open-R128-Mirza_Basic-Henri_Laaksonen,True
89,20190114-M-Australian_Open-R128-Jason_Kubler-Thomas_Fabbiano,True
90,20181125-M-Davis_Cup_World_Group_F-RR-Lucas_Pouille-Marin_Cilic,True
91,20181123-M-Davis_Cup_World_Group_F-RR-Marin_Cilic-Jo_Wilfried_Tsonga,True
92,20181123-M-Davis_Cup_World_Group_F-RR-Jeremy_Chardy-Borna_Coric,True
93,20180916-M-Davis_Cup_World_Group_SF-RR-Francis_Tiafoe-Borna_Coric,True
94,20180914-M-Davis_Cup_World_Group_PO-RR-Denis_Shapovalov-Robin_Haase,True
95,20180909-M-US_Open-F-Novak_Djokovic-Juan_Martin_Del_Potro,True
96,20180907-M-US_Open-SF-Novak_Djokovic-Kei_Nishikori,True
97,20180905-M-US_Open-QF-Rafael_Nadal-Dominic_Thiem,True
98,20180903-M-US_Open-R16-Roger_Federer-John_Millman,True
99,20180903-M-US_Open-R16-Juan_Martin_Del_Potro-Borna_Coric,True
100,20180901-M-US_Open-R32-Roger_Federer-Nick_Kyrgios,True
101,20180831-M-US_Open-R32-Rafael_Nadal-Karen_Khachanov,True
102,20180831-M-US_Open-R32-Kevin_Anderson-Denis_Shapovalov,True
103,20180831-M-US_Open-R32-Borna_Coric-Daniil_Medvedev,True
104,20180830-M-US_Open-R64-Benoit_Paire-Roger_Federer,True
105,20180829-M-US_Open-R64-Andy_Murray-Fernando_Verdasco,True
106,20180828-M-US_Open-R128-Yoshihito_Nishioka-Roger_Federer,True
107,20180828-M-US_Open-R128-Nikoloz_Basilashvili-Aljaz_Bedene,True
108,20180715-M-Wimbledon-F-Kevin_Anderson-Novak_Djokovic,True
109,20180713-M-Wimbledon-SF-Rafael_Nadal-Novak_Djokovic,True
110,20180713-M-Wimbledon-SF-Kevin_Anderson-John_Isner,True
111,20180711-M-Wimbledon-QF-Rafael_Nadal-Juan_Martin_Del_Potro,True
112,20180711-M-Wimbledon-QF-Novak_Djokovic-Kei_Nishikori,True
113,20180711-M-Wimbledon-QF-Milos_Raonic-John_Isner,True
114,20180711-M-Wimbledon-QF-Kevin_Anderson-Roger_Federer,True
115,20180709-M-Wimbledon-R16-Adrian_Mannarino-Roger_Federer,True
116,20180706-M-Wimbledon-R32-Roger_Federer-Jan_Lennard_Struff,True
117,20180704-M-Wimbledon-R64-Lukas_Lacko-Roger_Federer,True
118,20180702-M-Wimbledon-R128-Dusan_Lajovic-Roger_Federer,True
119,20180610-M-Roland_Garros-F-Rafael_Nadal-Dominic_Thiem,True
120,20180608-M-Roland_Garros-SF-Rafael_Nadal-Juan_Martin_Del_Potro,True
121,20180608-M-Roland_Garros-SF-Marco_Cecchinato-Dominic_Thiem,True
122,20180607-M-Roland_Garros-QF-Marin_Cilic-Juan_Martin_Del_Potro,True
123,20180605-M-Roland_Garros-QF-Marco_Cecchinato-Novak_Djokovic,True
124,20180605-M-Roland_Garros-QF-Alexander_Zverev-Dominic_Thiem,True
125,20180604-M-Roland_Garros-R16-John_Isner-Juan_Martin_Del_Potro,True
126,20180602-M-Roland_Garros-R32-Gael_Monfils-David_Goffin,True
127,20180531-M-Roland_Garros-R64-Marton_Fucsovics-Kyle_Edmund,True
128,20180530-M-Roland_Garros-R64-Novak_Djokovic-Jaume_Munar,True
129,20180528-M-Roland_Garros-R128-Borna_Coric-Philipp_Kohlschreiber,True
130,20180408-M-Davis_Cup_World_Group_QF-RR-David_Ferrer-Philipp_Kohlschreiber,True
131,20180128-M-Australian_Open-F-Marin_Cilic-Roger_Federer,True
132,20180124-M-Australian_Open-QF-Tomas_Berdych-Roger_Federer,True
133,20180122-M-Australian_Open-R16-Roger_Federer-Marton_Fucsovics,True
134,20180121-M-Australian_Open-R16-Grigor_Dimitrov-Nick_Kyrgios,True
135,20180120-M-Australian_Open-R32-Roger_Federer-Richard_Gasquet,True
136,20180118-M-Australian_Open-R64-Karen_Khachanov-Juan_Martin_Del_Potro,True
137,20180118-M-Australian_Open-R64-Jan_Lennard_Struff-Roger_Federer,True
138,20180117-M-Australian_Open-R64-Grigor_Dimitrov-Mackenzie_Mcdonald,True
139,20180116-M-Australian_Open-R128-Roger_Federer-Aljaz_Bedene,True
140,20180114-M-Australian_Open-R128-Rafael_Nadal-Victor_Estrella,True
141,20170910-M-US_Open-F-Kevin_Anderson-Rafael_Nadal,True
142,20170908-M-US_Open-SF-Rafael_Nadal-Juan_Martin_Del_Potro,True
143,20170829-M-US_Open_-R128-Rafael_Nadal-Dusan_Lajovic,True
144,20170716-M-Wimbledon-F-Marin_Cilic-Roger_Federer,True
145,20170714-M-Wimbledon-SF-Tomas_Berdych-Roger_Federer,True
146,20170714-M-Wimbledon-SF-Marin_Cilic-Sam_Querrey,True
147,20170710-M-Wimbledon-R16-Grigor_Dimitrov-Roger_Federer,True
148,20170710-M-Wimbledon-R16-Gilles_Muller-Rafael_Nadal,True
149,20170611-M-Roland_Garros-F-Rafael_Nadal-Stanislas_Wawrinka,True
150,20170609-M-Roland_Garros-SF-Stanislas_Wawrinka-Andy_Murray,True
151,20170607-M-Roland_Garros-QF-Novak_Djokovic-Dominic_Thiem,True
152,20170531-M-Roland_Garros-R64-Sergiy_Stakhovsky-David_Goffin,True
153,20170530-M-Roland_Garros-R128-Nick_Kyrgios-Philipp_Kohlschreiber,True
154,20170530-M-Roland_Garros-R128-Gael_Monfils-Dustin_Brown,True
155,20170127-M-Australian_Open-SF-Rafael_Nadal-Grigor_Dimitrov,True
156,20170126-M-Australian_Open-SF-Roger_Federer-Stanislas_Wawrinka,True
157,20170124-M-Australian_Open-QF-Roger_Federer-Mischa_Zverev,True
158,20170124-M-Australian_Open-QF-Milos_Raonic-Rafael_Nadal,True
159,20170122-M-Australian_Open-R16-Roger_Federer-Kei_Nishikori,True
160,20170121-M-Australian_Open-R32-Rafael_Nadal-Alexander_Zverev,True
161,20170121-M-Australian_Open-R32-Milos_Raonic-Gilles_Simon,True
162,20170120-M-Australian_Open-R32-Tomas_Berdych-Roger_Federer,True
163,20170119-M-Australian_Open-R64-Novak_Djokovic-Denis_Istomin,True
164,20170118-M-Australian_Open-R64-Nick_Kyrgios-Andreas_Seppi,True
165,20161127-M-Davis_Cup_World_Group_F-RR-Marin_Cilic-Juan_Martin_Del_Potro,True
166,20161125-M-Davis_Cup_World_Group_F-RR-Ivo_Karlovic-Juan_Martin_Del_Potro,True
167,20160911-M-US_Open-F-Novak_Djokovic-Stanislas_Wawrinka,True
168,20160909-M-US_Open-SF-Stanislas_Wawrinka-Kei_Nishikori,True
169,20160909-M-US_Open-SF-Novak_Djokovic-Gael_Monfils,True
170,20160908-M-US_Open-QF-Juan_Martin_Del_Potro-Stanislas_Wawrinka,True
171,20160906-M-US_Open-QF-Lucas_Pouille-Gael_Monfils,True
172,20160710-M-Wimbledon-F-Milos_Raonic-Andy_Murray,True
173,20160708-M-Wimbledon-SF-Milos_Raonic-Roger_Federer,True
174,20160708-M-Wimbledon-SF-Andy_Murray-Tomas_Berdych,True
175,20160706-M-Wimbledon-QF-Marin_Cilic-Roger_Federer,True
176,20160629-M-Wimbledon-R64-Roger_Federer-Marcus_Willis,True
177,20160603-M-Roland_Garros-SF-Stanislas_Wawrinka-Andy_Murray,True
178,20160603-M-Roland_Garros-SF-Novak_Djokovic-Dominic_Thiem,True
179,20160528-M-Roland_Garros-R32-Alexander_Zverev-Dominic_Thiem,True
180,20160304-M-Davis_Cup_World_Group_R1-RR-Frank_Dancevic-Gael_Monfils,True
181,20160131-M-Australian_Open-F-Novak_Djokovic-Andy_Murray,True
182,20160129-M-Australian_Open-SF-Andy_Murray-Milos_Raonic,True
183,20160128-M-Australian_Open-SF-Novak_Djokovic-Roger_Federer,True
184,20160127-M-Australian_Open-QF-Milos_Raonic-Gael_Monfils,True
185,20160126-M-Australian_Open-QF-Roger_Federer-Tomas_Berdych,True
186,20160126-M-Australian_Open-QF-Novak_Djokovic-Kei_Nishikori,True
187,20160125-M-Australian_Open-R16-Stanislas_Wawrinka-Milos_Raonic,True
188,20160124-M-Australian_Open-R16-Novak_Djokovic-Gilles_Simon,True
189,20160123-M-Australian_Open-R32-Stanislas_Wawrinka-Lukas_Rosol,True
190,20160122-M-Australian_Open-R32-Gilles_Simon-Federico_Delbonis,True
191,20160120-M-Australian_Open-R64-Roger_Federer_-Alexandr_Dolgopolov,True
192,20160119-M-Australian_Open-R128-Rafael_Nadal-Fernando_Verdasco,True
193,20150913-M-US_Open-F-Roger_Federer-Novak_Djokovic,True
194,20150911-M-US_Open-SF-Stanislas_Wawrinka-Roger_Federer,True
195,20150911-M-US_Open-SF-Novak_Djokovic-Marin_Cilic,True
196,20150910-M-US_Open-QF-Roger_Federer-Richard_Gasquet,True
197,20150909-M-US_Open-QF-Novak_Djokovic-Feliciano_Lopez,True
198,20150908-M-US_Open-R16-Roger_Federer-John_Isner,True
199,20150907-M-US_Open-R16-Andy_Murray-Kevin_Anderson,True
200,20150905-M-US_Open-R32-Roger_Federer-Philipp_Kohlschreiber,True
201,20150903-M-US_Open-R64-Steve_Darcis-Roger_Federer,True
202,20150903-M-US_Open-R64-Bernard_Tomic-Lleyton_Hewitt,True
203,20150902-M-US_Open-R64-Fernando_Verdasco-Milos_Raonic,True
204,20150901-M-US_Open-R128-Roger_Federer-Leonardo_Mayer,True
205,20150831-M-US_Open-R128-Tim_Smyczek-Milos_Raonic,True
206,20150712-M-Wimbledon-F-Roger_Federer-Novak_Djokovic,True
207,20150710-M-Wimbledon-SF-Roger_Federer-Andy_Murray,True
208,20150710-M-Wimbledon-SF-Novak_Djokovic-Richard_Gasquet,True
209,20150709-M-Wimbledon-QF-Marin_Cilic-Novak_Djokovic,True
210,20150708-M-Wimbledon-QF-Roger_Federer-Gilles_Simon,True
211,20150706-M-Wimbledon-R16-Andy_Murray-Ivo_Karlovic,True
212,20150704-M-Wimbledon-R32-Samuel_Groth-Roger_Federer,True
213,20150702-M-Wimbledon-R64-Sam_Querrey-Roger_Federer,True
214,20150702-M-Wimbledon-R64-Dustin_Brown-Rafael_Nadal,True
215,20150630-M-Wimbledon-R128-Roger_Federer-Damir_Dzumhur,True
216,20150607-M-Roland_Garros-F-Stanislas_Wawrinka-Novak_Djokovic,True
217,20150605-M-Roland_Garros-SF-Novak_Djokovic-Andy_Murray,True
218,20150603-M-Roland_Garros-QF-Novak_Djokovic-Rafael_Nadal,True
219,20150531-M-Roland_Garros-R16-Roger_Federer-Gael_Monfils,True
220,20150530-M-Roland_Garros-R32-Nick_Kyrgios-Andy_Murray,True
221,20150529-M-Roland_Garros-R32-Damir_Dzumhur-Roger_Federer,True
222,20150528-M-Roland_Garros-R64-Jeremy_Chardy-John_Isner,True
223,20150526-M-Roland_Garros-R128-Richard_Gasquet-Germain_Gigounon,True
224,20150524-M-Roland_Garros-R128-Paul_Henri_Mathieu-Kei_Nishikori,True
225,20150201-M-Australian_Open-F-Novak_Djokovic-Andy_Murray,True
226,20150130-M-Australian_Open-SF-Novak_Djokovic-Stanislas_Wawrinka,True
227,20150129-M-Australian_Open-SF-Tomas_Berdych-Andy_Murray,True
228,20150127-M-Australian_Open-QF-Tomas_Berdych-Rafael_Nadal,True
229,20150127-M-Australian_Open-QF-Stanislas_Wawrinka_-Kei_Nishikori,True
230,20150125-M-Australian_Open-R16-Bernard_Tomic-Tomas_Berdych,True
231,20150123-M-Australian_Open-R32-Fernando_Verdasco-Novak_Djokovic,True
232,20141123-M-Davis_Cup_World_Group_F-RR-Richard_Gasquet-Roger_Federer,True
233,20140914-M-Davis_Cup_World_Group_SF-RR-Roger_Federer-Fabio_Fognini,True
234,20140906-M-US_Open-SF-Novak_Djokovic-Kei_Nishikori,True
235,20140903-M-US_Open-QF-Novak_Djokovic-Andy_Murray,True
236,20140706-M-Wimbledon-F-Novak_Djokovic-Roger_Federer,True
237,20140704-M-Wimbledon-SF-Milos_Raonic-Roger_Federer,True
238,20140704-M-Wimbledon-SF-Grigor_Dimitrov-Novak_Djokovic,True
239,20140702-M-Wimbledon-QF-Grigor_Dimitrov-Andy_Murray,True
240,20140701-M-Wimbledon-R16-Nick_Kyrgios-Rafael_Nadal,True
241,20140628-M-Wimbledon-R32-Mikhail_Kukushkin-Rafael_Nadal,True
242,20140627-M-Wimbledon-R32-Grigor_Dimitrov-Alexandr_Dolgopolov,True
243,20140626-M-Wimbledon-R64-Rafael_Nadal-Lukas_Rosol,True
244,20140625-M-Wimbledon-R64-Tomas_Berdych-Bernard_Tomic,True
245,20140608-M-Roland_Garros-F-Novak_Djokovic-Rafael_Nadal,True
246,20140606-M-Roland_Garros-SF-Rafael_Nadal-Andy_Murray,True
247,20140606-M-Roland_Garros-SF-Ernests_Gulbis-Novak_Djokovic,True
248,20140604-M-Roland_Garros-QF-David_Ferrer-Rafael_Nadal,True
249,20140601-M-Roland_Garros-R16-Rafael_Nadal-Dusan_Lajovic,True
250,20140531-M-Roland_Garros-R32-Leonardo_Mayer-Rafael_Nadal,True
251,20140529-M-Roland_Garros-R64-Rafael_Nadal-Dominic_Thiem,True
252,20140526-M-Roland_Garros-R128-Robby_Ginepri-Rafael_Nadal,True
253,20140126-M-Australian_Open-F-Stanislas_Wawrinka-Rafael_Nadal,True
254,20140123-M-Australian_Open-SF-Stanislas_Wawrinka-Tomas_Berdych,True
255,20140122-M-Australian_Open-QF-Roger_Federer-Andy_Murray,True
256,20140122-M-Australian_Open-QF-Novak_Djokovic-Stanislas_Wawrinka_,True
257,20140122-M-Australian_Open-QF-Grigor_Dimitrov-Rafael_Nadal,True
258,20140120-M-Australian_Open-R16-Kei_Nishikori-Rafael_Nadal,True
259,20140118-M-Australian_Open-R32-Gael_Monfils-Rafael_Nadal,True
260,20140116-M-Australian_Open-R64-Thanasi_Kokkinakis-Rafael_Nadal,True
261,20140113-M-Australian_Open-R128-Ricardas_Berankis-Alexandr_Dolgopolov,True
262,20130913-M-Davis_Cup_World_Group_PO-RR-Sergiy_Stakhovsky-Rafael_Nadal,True
263,20130707-M-Wimbledon-F-Novak_Djokovic-Andy_Murray,True
264,20130705-M-Wimbledon-SF-Novak_Djokovic-Juan_Martin_Del_Potro,True
265,20130705-M-Wimbledon-SF-Andy_Murray-Jerzy_Janowicz,True
266,20130703-M-Wimbledon-QF-David_Ferrer-Juan_Martin_Del_Potro,True
267,20130609-M-Roland_Garros-F-David_Ferrer-Rafael_Nadal,True
268,20130607-M-Roland_Garros-SF-Novak_Djokovic-Rafael_Nadal,True
269,20130127-M-Australian_Open-F-Novak_Djokovic-Andy_Murray,True
270,20130125-M-Australian_Open-SF-Roger_Federer-Andy_Murray_,True
271,20130125-M-Australian_Open-SF-David_Ferrer-Novak_Djokovic,True
272,20130123-M-Australian_Open-QF-Jo_Wilfried_Tsonga-Roger_Federer,True
273,20130120-M-Australian_Open-R16-Novak_Djokovic-Stanislas_Wawrinka,True
274,20130117-M-Davis_Cup_World_Group_F-RR-Novak_Djokovic-Tomas_Berdych,True
275,20120909-M-US_Open-SF-Novak_Djokovic-David_Ferrer,True
276,20120909-M-US_Open-F-Novak_Djokovic-Andy_Murray,True
277,20120908-M-US_Open-SF-Tomas_Berdych-Andy_Murray,True
278,20120904-M-US_Open-QF-Novak_Djokovic-Juan_Martin_Del_Potro,True
279,20120829-M-US_Open-R64-Ivan_Dodig-Andy_Murray,True
280,20120804-M-Olympics-F-Andy_Murray-Roger_Federer,True
281,20120708-M-Wimbledon-F-Roger_Federer-Andy_Murray,True
282,20120706-M-Wimbledon-SF-Roger_Federer-Novak_Djokovic,True
283,20120706-M-Wimbledon-SF-Andy_Murray-Jo_Wilfried_Tsonga,True
284,20120608-M-Roland_Garros-SF-Novak_Djokovic-Roger_Federer,True
285,20120608-M-Roland_Garros-F-Novak_Djokovic-Rafael_Nadal,True
286,20120406-M-Davis_Cup_World_Group_QF-RR-Ivo_Karlovic-Juan_Martin_Del_Potro,True
287,20120210-M-Davis_Cup_World_Group_R1-RR-Julien_Benneteau-Milos_Raonic,True
288,20120129-M-Australian_Open-F-Novak_Djokovic-Rafael_Nadal,True
289,20120127-M-Australian_Open-SF-Roger_Federer-Rafael_Nadal,True
290,20120127-M-Australian_Open-SF-Novak_Djokovic-Andy_Murray,True
291,20120125-M-Australian_Open-QF-Andy_Murray-Kei_Nishikori,True
292,20120124-M-Australian_Open-QF-David_Ferrer-Novak_Djokovic,True
293,20120122-M-Australian_Open-R16-Novak_Djokovic-Lleyton_Hewitt,True
294,20120121-M-Australian_Open-R32-Michael_Llodra-Andy_Murray,True
295,20110918-M-Davis_Cup_World_Group_SF-RR-Jo_Wilfried_Tsonga-Rafael_Nadal,True
296,20110917-M-Davis_Cup_World_Group_PO-RR-Roger_Federer-Lleyton_Hewitt,True
297,20110916-M-Davis_Cup_World_Group_SF-RR-Richard_Gasquet-Rafael_Nadal,True
298,20110911-M-US_Open-SF-Andy_Murray-Rafael_Nadal,True
299,20110911-M-US_Open-F-Rafael_Nadal_-Novak_Djokovic,True
300,20110909-M-US_Open-SF-Roger_Federer-Novak_Djokovic,True
301,20110703-M-Wimbledon-F-Novak_Djokovic-Rafael_Nadal,True
302,20110701-M-Wimbledon-SF-Novak_Djokovic-Jo_Wilfried_Tsonga,True
303,20110701-M-Wimbledon-SF-Andy_Murray-Rafael_Nadal,True
304,20110605-M-Roland_Garros-F-Roger_Federer-Rafael_Nadal,True
305,20110603-M-Roland_Garros-SF-Novak_Djokovic-Roger_Federer,True
306,20110603-M-Roland_Garros-SF-Andy_Murray-Rafael_Nadal,True
307,20110130-M-Australian_Open-F-Novak_Djokovic-Andy_Murray,True
308,20110128-M-Australian_Open-SF-David_Ferrer-Andy_Murray,True
309,20110127-M-Australian_Open-SF-Novak_Djokovic-Roger_Federer,True
310,20110123-M-Australian_Open-R16-Robin_Soderling-Alexandr_Dolgopolov,True
311,20110120-M-Australian_Open-R64-Gilles_Simon-Roger_Federer,True
312,20110118-M-Australian_Open-R128-David_Nalbandian-Lleyton_Hewitt,True
313,20100912-M-US_Open-F-Novak_Djokovic-Rafael_Nadal,True
314,20100911-M-US_Open-SF-Rafael_Nadal-Mikhail_Youzhny,True
315,20100903-M-US_Open-SF-Novak_Djokovic-Roger_Federer,True
316,20100704-M-Wimbledon-F-Tomas_Berdych-Rafael_Nadal,True
317,20100702-M-Wimbledon-SF-Tomas_Berdych-Novak_Djokovic,True
318,20100702-M-Wimbledon-SF-Andy_Murray-Rafael_Nadal,True
319,20100606-M-Roland_Garros-F-Robin_Soderling-Rafael_Nadal,True
320,20100131-M-Australian_Open-F-Roger_Federer-Andy_Murray,True
321,20100128-M-Australian_Open-SF-Roger_Federer-Jo_Wilfried_Tsonga,True
322,20100128-M-Australian_Open-SF-Andy_Murray-Marin_Cilic,True
323,20100126-M-Australian_Open-QF-Novak_Djokovic-Jo_Wilfried_Tsonga,True
324,20100124-M-Australian_Open-R16-Roger_Federer-Lleyton_Hewitt,True
325,20090914-M-US_Open-F-Roger_Federer-Juan_Martin_Del_Potro,True
326,20090913-M-US_Open-SF-Novak_Djokovic-Roger_Federer,True
327,20090913-M-US_Open-SF-Juan_Martin_Del_Potro-Rafael_Nadal,True
328,20090910-M-US_Open-QF-Juan_Martin_Del_Potro-Marin_Cilic,True
329,20090905-M-US_Open-R32-Roger_Federer-Lleyton_Hewitt,True
330,20090705-M-Wimbledon-F-Andy_Roddick-Roger_Federer,True
331,20090703-M-Wimbledon-SF-Tommy_Haas-Roger_Federer,True
332,20090703-M-Wimbledon-SF-Andy_Roddick-Andy_Murray,True
333,20090701-M-Wimbledon-QF-Andy_Roddick-Lleyton_Hewitt,True
334,20090607-M-Roland_Garros-F-Robin_Soderling-Roger_Federer,True
335,20090605-M-Roland_Garros-SF-Roger_Federer-Juan_Martin_Del_Potro,True
336,20090601-M-Roland_Garros-R16-Roger_Federer-Tommy_Haas,True
337,20090601-M-Roland_Garros-R16-Juan_Martin_Del_Potro-Jo_Wilfried_Tsonga,True
338,20090531-M-Roland_Garros-R16-Robin_Soderling-Rafael_Nadal,True
339,20090201-M-Australian_Open-F-Roger_Federer-Rafael_Nadal,True
340,20090130-M-Australian_Open-SF-Fernando_Verdasco-Rafael_Nadal,True
341,20090129-M-Australian_Open-SF-Andy_Roddick-Roger_Federer,True
342,20080908-M-US_Open-F-Roger_Federer-Andy_Murray,True
343,20080905-M-US_Open-SF-Rafael_Nadal-Andy_Murray,True
344,20080817-M-Olympics-F-Rafael_Nadal-Fernando_Gonzalez,True
345,20080706-M-Wimbledon-F-Roger_Federer-Rafael_Nadal,True
346,20080704-M-Wimbledon-SF-Roger_Federer-Marat_Safin,True
347,20080704-M-Wimbledon-SF-Rainer_Schuettler-Rafael_Nadal,True
348,20080702-M-Wimbledon-QF-Rafael_Nadal-Andy_Murray,True
349,20080630-M-Wimbledon-R16-Roger_Federer-Lleyton_Hewitt,True
350,20080608-M-Roland_Garros-F-Roger_Federer-Rafael_Nadal,True
351,20080606-M-Roland_Garros-SF-Novak_Djokovic-Rafael_Nadal,True
352,20080606-M-Roland_Garros-SF-Gael_Monfils-Roger_Federer,True
353,20080127-M-Australian_Open-SF-Novak_Djokovic-Roger_Federer,True
354,20080125-M-Australian_Open-SF-Jo_Wilfried_Tsonga_-Rafael_Nadal,True
355,20071118-M-Masters_Cup-F-David_Ferrer-Roger_Federer,True
356,20070909-M-US_Open-F-Roger_Federer-Novak_Djokovic,True
357,20070908-M-US_Open-SF-Roger_Federer-Nikolay_Davydenko,True
358,20070908-M-US_Open-SF-David_Ferrer-Novak_Djokovic,True
359,20070905-M-US_Open-QF-Roger_Federer-Andy_Roddick,True
360,20070708-M-Wimbledon-F-Roger_Federer-Rafael_Nadal,True
361,20070707-M-Wimbledon-SF-Roger_Federer-Richard_Gasquet,True
362,20070705-M-Wimbledon-R16-Novak_Djokovic-Lleyton_Hewitt,True
363,20070610-M-Roland_Garros-F-Roger_Federer-Rafael_Nadal,True
364,20070608-M-Roland_Garros-SF-Roger_Federer-Nikolay_Davydenko,True
365,20070608-M-Roland_Garros-SF-Novak_Djokovic-Rafael_Nadal,True
366,20070325-M-Miami_Masters-F-Novak_Djokovic-Guillermo_Canas,True
367,20070126-M-Australian_Open-SF-Tommy_Haas-Fernando_Gonzalez,True
368,20070125-M-Australian_Open-SF-Andy_Roddick-Roger_Federer,True
369,20070123-M-Australian_Open-QF-Rafael_Nadal-Fernando_Gonzalez,True
370,20070122-M-Australian_Open-R16-Roger_Federer-Novak_Djokovic,True
371,20070122-M-Australian_Open-R16-Rafael_Nadal-Andy_Murray,True
372,20061119-M-Masters_Cup-F-Roger_Federer-James_Blake,True
373,20061105-M-Paris_Masters-F-Nikolay_Davydenko-Dominik_Hrbaty,True
374,20061029-M-Basel-F-Roger_Federer-Fernando_Gonzalez,True
375,20061022-M-Madrid_Masters-F-Roger_Federer-Fernando_Gonzalez,True
376,20060922-M-Davis_Cup_World_Group_PO-RR-Roger_Federer-Novak_Djokovic,True
377,20060910-M-US_Open-F-Roger_Federer-Andy_Roddick,True
378,20060909-M-US_Open-SF-Roger_Federer-Nikolay_Davydenko,True
379,20060909-M-US_Open-SF-Andy_Roddick-Mikhail_Youzhny,True
380,20060907-M-US_Open-QF-James_Blake-Roger_Federer,True
381,20060906-M-US_Open-QF-Andy_Roddick-Lleyton_Hewitt,True
382,20060831-M-US_Open-R64-Marcos_Baghdatis-Andre_Agassi,True
383,20060709-M-Wimbledon-F-Roger_Federer-Rafael_Nadal,True
384,20060707-M-Wimbledon-SF-Marcos_Baghdatis-Rafael_Nadal,True
385,20060707-M-Wimbledon-SF-Jonas_Bjorkman-Roger_Federer,True
386,20060701-M-Wimbledon-R32-Rafael_Nadal-Andre_Agassi,True
387,20060627-M-Wimbledon-R128-Roger_Federer-Richard_Gasquet,True
388,20060611-M-Roland_Garros-F-Roger_Federer-Rafael_Nadal,True
389,20060605-M-Roland_Garros-R16-Lleyton_Hewitt-Rafael_Nadal,True
390,20060521-M-Hamburg_Masters-F-Tommy_Robredo-Radek_Stepanek,True
391,20060514-M-Rome_Masters-F-Roger_Federer-Rafael_Nadal,True
392,20060423-M-Monte_Carlo_Masters-F-Roger_Federer-Rafael_Nadal,True
393,20060326-M-Miami_Masters-F-Roger_Federer-Ivan_Ljubicic,True
394,20060319-M-Indian_Wells_Masters-F-Roger_Federer-James_Blake,True
395,20060126-M-Australian_Open-SF-Roger_Federer-Nicolas_Kiefer,True
396,20060126-M-Australian_Open-SF-David_Nalbandian-Marcos_Baghdatis,True
397,20060125-M-Australian_Open-QF-Roger_Federer-Nikolay_Davydenko,True
398,20060123-M-Australian_Open-QF-David_Nalbandian-Fabrice_Santoro,True
399,20051106-M-Paris_Masters-F-Tomas_Berdych-Ivan_Ljubicic,True
400,20051023-M-Madrid_Masters-F-Ivan_Ljubicic-Rafael_Nadal,True
401,20050911-M-US_Open-F-Roger_Federer-Andre_Agassi,True
402,20050910-M-US_Open-SF-Roger_Federer-Lleyton_Hewitt,True
403,20050910-M-US_Open-SF-Robby_Ginepri-Andre_Agassi,True
404,20050908-M-US_Open-QF-Lleyton_Hewitt-Jarkko_Nieminen,True
405,20050908-M-US_Open-QF-Andre_Agassi-James_Blake,True
406,20050703-M-Wimbledon-F-Roger_Federer-Andy_Roddick,True
407,20050701-M-Wimbledon-SF-Roger_Federer-Lleyton_Hewitt,True
408,20050701-M-Wimbledon-SF-Andy_Roddick-Thomas_Johansson,True
409,20050629-M-Wimbledon-QF-Lleyton_Hewitt-Feliciano_Lopez,True
410,20050621-M-Wimbledon-R128-George_Bastl-Andy_Murray,True
411,20050601-M-Roland_Garros-SF-Roger_Federer-Rafael_Nadal,True
412,20050515-M-Hamburg_Masters-F-Roger_Federer-Richard_Gasquet,True
413,20050508-M-Rome_Masters-F-Rafael_Nadal-Guillermo_Coria,True
414,20050417-M-Monte_Carlo_Masters-F-Rafael_Nadal-Guillermo_Coria,True
415,20050403-M-Miami_Masters-F-Roger_Federer-Rafael_Nadal,True
416,20050320-M-Indian_Wells_Masters-F-Lleyton_Hewitt-Roger_Federer,True
417,20050130-M-Australian_Open-F-Lleyton_Hewitt-Marat_Safin,True
418,20050128-M-Australian_Open-SF-Andy_Roddick-Lleyton_Hewitt,True
419,20050127-M-Australian_Open-SF-Roger_Federer-Marat_Safin,True
420,20050126-M-Australian_Open-QF-Lleyton_Hewitt-David_Nalbandian,True
421,20050120-M-Australian_Open-R64-Lleyton_Hewitt-James_Blake,True
422,20050117-M-Australian_Open-R128-Novak_Djokovic-Marat_Safin,True
423,20050114-M-Australian_Open-R16-Lleyton_Hewitt-Rafael_Nadal,True
424,20040912-M-US_Open-F-Lleyton_Hewitt-Roger_Federer,True
425,20040911-M-US_Open-SF-Roger_Federer-Tim_Henman,True
426,20040911-M-US_Open-SF-Lleyton_Hewitt-Joachim_Johansson,True
427,20040909-M-US_Open-QF-Lleyton_Hewitt-Tommy_Haas,True
428,20040822-M-Olympics-F-Nicolas_Massu-Mardy_Fish,True
429,20040711-M-Gstaad-F-Roger_Federer-Igor_Andreev,True
430,20040704-M-Wimbledon-F-Roger_Federer-Andy_Roddick,True
431,20040703-M-Wimbledon-SF-Sebastien_Grosjean-Roger_Federer,True
432,20040703-M-Wimbledon-SF-Mario_Ancic-Andy_Roddick,True
433,20040630-M-Wimbledon-QF-Roger_Federer-Lleyton_Hewitt,True
434,20040606-M-Roland_Garros-F-Gaston_Gaudio-Guillermo_Coria,True
435,20040530-M-Roland_Garros-R32-Martin_Verkerk-Lleyton_Hewitt,True
436,20040516-M-Hamburg_Masters-F-Roger_Federer-Guillermo_Coria,True
437,20040509-M-Rome_Masters-F-Carlos_Moya-David_Nalbandian,True
438,20040201-M-Australian_Open-F-Roger_Federer-Marat_Safin,True
439,20040130-M-Australian_Open-SF-Roger_Federer-Juan_Carlos_Ferrero,True
440,20040129-M-Australian_Open-SF-Andre_Agassi-Marat_Safin,True
441,20040127-M-Australian_Open-QF-Andy_Roddick-Marat_Safin,True
442,20040126-M-Australian_Open-R16-Roger_Federer-Lleyton_Hewitt,True
443,20031116-M-Masters_Cup-F-Roger_Federer-Andre_Agassi,True
444,20031019-M-Madrid_Masters-F-Juan_Carlos_Ferrero-Nicolas_Massu,True
445,20031012-M-Vienna-F-Roger_Federer-Carlos_Moya,True
446,20030921-M-Davis_Cup_World_Group_SF-RR-Roger_Federer-Lleyton_Hewitt,True
447,20030907-M-US_Open-F-Andy_Roddick-Juan_Carlos_Ferrero,True
448,20030906-M-US_Open-SF-Andy_Roddick-David_Nalbandian,True
449,20030906-M-US_Open-SF-Andre_Agassi-Juan_Carlos_Ferrero,True
450,20030713-M-Gstaad-F-Roger_Federer-Jiri_Novak,True
451,20030706-M-Wimbledon-F-Roger_Federer-Mark_Philippoussis,True
452,20030701-M-Wimbledon-SF-Mark_Philippoussis-Sebastien_Grosjean,True
453,20030701-M-Wimbledon-SF-Andy_Roddick-Roger_Federer,True
454,20030608-M-Roland_Garros-F-Martin_Verkerk-Juan_Carlos_Ferrero,True
455,20030518-M-Hamburg_Masters-F-Guillermo_Coria-Agustin_Calleri,True
456,20030511-M-Rome_Masters-F-Felix_Mantilla-Roger_Federer,True
457,20030126-M-Australian_Open-F-Rainer_Schuettler-Andre_Agassi,True
458,20030125-M-Australian_Open-SF-Wayne_Ferreira-Andre_Agassi,True
459,20030125-M-Australian_Open-SF-Rainer_Schuettler-Andy_Roddick,True
460,20021117-M-Masters_Cup-F-Lleyton_Hewitt-Juan_Carlos_Ferrero,True
461,20021110-M-Paris_Masters-F-Marat_Safin-Lleyton_Hewitt,True
462,20021013-M-Vienna-F-Roger_Federer-Jiri_Novak,True
463,20020908-M-US_Open-F-Pete_Sampras-Andre_Agassi,True
464,20020907-M-US_Open-SF-Pete_Sampras-Sjeng_Schalken,True
465,20020907-M-US_Open-SF-Lleyton_Hewitt-Andre_Agassi,True
466,20020707-M-Wimbledon-F-David_Nalbandian-Lleyton_Hewitt,True
467,20020705-M-Wimbledon-SF-Lleyton_Hewitt-Tim_Henman,True
468,20020705-M-Wimbledon-SF-David_Nalbandian-Xavier_Malisse,True
469,20020703-M-Wimbledon-QF-Lleyton_Hewitt-Sjeng_Schalken,True
470,20020609-M-Roland_Garros-F-Albert_Costa-Juan_Carlos_Ferrero,True
471,20020519-M-Hamburg_Masters-F-Roger_Federer-Marat_Safin,True
472,20020512-M-Rome_Masters-F-Tommy_Haas-Andre_Agassi,True
473,20020324-M-Miami_Masters-F-Roger_Federer-Andre_Agassi,True
474,20020127-M-Australian_Open-F-Thomas_Johansson-Marat_Safin,True
475,20020126-M-Australian_Open-SF-Tommy_Haas-Marat_Safin,True
476,20020126-M-Australian_Open-SF-Thomas_Johansson-Jiri_Novak,True
477,20011202-M-Davis_Cup_World_Group_F-RR-Sebastien_Grosjean-Lleyton_Hewitt,True
478,20011118-M-Masters_Cup-F-Sebastien_Grosjean-Lleyton_Hewitt,True
479,20011028-M-Basel-F-Tim_Henman-Roger_Federer,True
480,20010909-M-US_Open-F-Pete_Sampras-Lleyton_Hewitt,True
481,20010908-M-US_Open-SF-Pete_Sampras-Marat_Safin,True
482,20010907-M-US_Open-SF-Yevgeny_Kafelnikov-Lleyton_Hewitt,True
483,20010906-M-US_Open-QF-Pete_Sampras-Andre_Agassi,True
484,20010906-M-US_Open-QF-Andy_Roddick-Lleyton_Hewitt,True
485,20010827-M-US_Open-R128-Mike_Bryan-Andre_Agassi,True
486,20010709-M-Wimbledon-F-Goran_Ivanisevic-Patrick_Rafter,True
487,20010707-M-Wimbledon-SF-Patrick_Rafter-Andre_Agassi,True
488,20010707-M-Wimbledon-SF-Goran_Ivanisevic-Tim_Henman,True
489,20010702-M-Wimbledon-R16-Roger_Federer-Pete_Sampras,True
490,20010610-M-Roland_Garros-F-Alex_Corretja-Gustavo_Kuerten,True
491,20010605-M-Roland_Garros-QF-Gustavo_Kuerten-Yevgeny_Kafelnikov,True
492,20010604-M-Roland_Garros-R16-Wayne_Arthurs-Roger_Federer,True
493,20010325-M-Miami_Masters-F-Jan_Michael_Gambill-Andre_Agassi,True
494,20010318-M-Indian_Wells_Masters-F-Pete_Sampras-Andre_Agassi,True
495,20010128-M-Australian_Open-F-Arnaud_Clement-Andre_Agassi,True
496,20010126-M-Australian_Open-SF-Patrick_Rafter-Andre_Agassi,True
497,20010126-M-Australian_Open-SF-Arnaud_Clement-Sebastien_Grosjean,True
498,20001203-M-Tour_Finals-F-Andre_Agassi-Gustavo_Kuerten,True
499,20001119-M-Paris_Masters-F-Mark_Philippoussis-Marat_Safin,True
500,20001105-M-Stuttgart_Masters-F-Lleyton_Hewitt-Wayne_Ferreira,True
501,20001029-M-Basel-F-Thomas_Enqvist-Roger_Federer,True
502,20000928-M-Olympics-F-Yevgeny_Kafelnikov-Tommy_Haas,True
503,20000910-M-US_Open-F-Pete_Sampras-Marat_Safin,True
504,20000909-M-US_Open-SF-Pete_Sampras-Lleyton_Hewitt,True
505,20000909-M-US_Open-SF-Marat_Safin-Todd_Martin,True
506,20000901-M-US_Open-R64-Roger_Federer-Daniel_Nestor,True
507,20000709-M-Wimbledon-F-Patrick_Rafter-Pete_Sampras,True
508,20000708-M-Wimbledon-SF-Pete_Sampras-Vladimir_Voltchkov,True
509,20000708-M-Wimbledon-SF-Patrick_Rafter-Andre_Agassi,True
510,20000611-M-Roland_Garros-F-Magnus_Norman-Gustavo_Kuerten,True
511,20000609-M-Roland_Garros-SF-Gustavo_Kuerten-Juan_Carlos_Ferrero,True
512,20000604-M-Roland_Garros-R16-Alex_Corretja-Roger_Federer,True
513,20000514-M-Rome_Masters-F-Magnus_Norman-Gustavo_Kuerten,True
514,20000326-M-Miami_Masters-F-Pete_Sampras-Gustavo_Kuerten,True
515,20000205-M-Davis_Cup_World_Group_R1-RR-Roger_Federer-Lleyton_Hewitt,True
516,20000130-M-Australian_Open-F-Yevgeny_Kafelnikov-Andre_Agassi,True
517,20000128-M-Australian_Open-SF-Yevgeny_Kafelnikov-Magnus_Norman,True
518,20000128-M-Australian_Open-SF-Pete_Sampras-Andre_Agassi,True
519,20000119-M-Australian_Open-R64-Jan_Kroslak-Roger_Federer,True
520,19991128-M-Tour_Finals-F-Pete_Sampras-Andre_Agassi,True
521,19991107-M-Paris_Masters-F-Andre_Agassi-Marat_Safin,True
522,19991031-M-Stuttgart_Masters-F-Thomas_Enqvist-Richard_Krajicek,True
523,19990912-M-US_Open-F-Todd_Martin-Andre_Agassi,True
524,19990904-M-US_Open-SF-Yevgeny_Kafelnikov-Andre_Agassi,True
525,19990904-M-US_Open-SF-Todd_Martin-Cedric_Pioline,True
526,19990716-M-Davis_Cup_World_Group_QF-RR-Roger_Federer-Xavier_Malisse,True
527,19990704-M-Wimbledon-F-Pete_Sampras-Andre_Agassi,True
528,19990703-M-Wimbledon-SF-Tim_Henman-Pete_Sampras,True
529,19990606-M-Roland_Garros-F-Andrei_Medvedev-Andre_Agassi,True
530,19990604-M-Roland_Garros-SF-Dominik_Hrbaty-Andre_Agassi,True
531,19990602-M-Wimbledon-SF-Patrick_Rafter-Andre_Agassi,True
532,19990516-M-Rome_Masters-F-Patrick_Rafter-Gustavo_Kuerten,True
533,19990509-M-Hamburg_Masters-F-Marcelo_Rios-Mariano_Zabaleta,True
534,19990314-M-Indian_Wells_Masters-F-Carlos_Moya-Mark_Philippoussis,True
535,19990131-M-Australian_Open-F-Yevgeny_Kafelnikov-Thomas_Enqvist,True
536,19990129-M-Australian_Open-SF-Yevgeny_Kafelnikov-Tommy_Haas,True
537,19990129-M-Australian_Open-SF-Nicolas_Lapentti-Thomas_Enqvist,True
538,19981129-M-Tour_Finals-F-Alex_Corretja-Carlos_Moya,True
539,19981115-M-Stockholm-F-Todd_Martin-Thomas_Johansson,True
540,19981108-M-Paris_Masters-F-Pete_Sampras-Greg_Rusedski,True
541,19981101-M-Stuttgart_Masters-F-Yevgeny_Kafelnikov-Richard_Krajicek,True
542,19980913-M-US_Open-F-Patrick_Rafter-Mark_Philippoussis,True
543,19980912-M-US_Open-SF-Patrick_Rafter-Pete_Sampras,True
544,19980912-M-US_Open-SF-Mark_Philippoussis-Carlos_Moya,True
545,19980910-M-US_Open-QF-Mark_Philippoussis-Thomas_Johansson,True
546,19980705-M-Wimbledon-F-Goran_Ivanisevic-Pete_Sampras,True
547,19980704-M-Wimbledon-SF-Goran_Ivanisevic-Richard_Krajicek,True
548,19980622-M-Wimbledon-SF-Tim_Henman-Pete_Sampras,True
549,19980607-M-Roland_Garros-F-Alex_Corretja-Carlos_Moya,True
550,19980606-M-Roland_Garros-SF-Cedric_Pioline-Alex_Corretja,True
551,19980329-M-Miami_Masters-F-Marcelo_Rios-Andre_Agassi,True
552,19980315-M-Indian_Wells_Masters-F-Marcelo_Rios-Greg_Rusedski,True
553,19980201-M-Australian_Open-F-Petr_Korda-Marcelo_Rios,True
554,19980131-M-Australian_Open-SF-Petr_Korda-Karol_Kucera,True
555,19980131-M-Australian_Open-SF-Marcelo_Rios-Nicolas_Escude,True
556,19980128-M-Australian_Open-QF-Marcelo_Rios-Alberto_Berasategui,True
557,19971116-M-Tour_Finals-F-Pete_Sampras-Yevgeny_Kafelnikov,True
558,19971102-M-Paris_Masters-F-Pete_Sampras-Jonas_Bjorkman,True
559,19971026-M-Stuttgart_Masters-F-Petr_Korda-Richard_Krajicek,True
560,19970907-M-US_Open-F-Patrick_Rafter-Greg_Rusedski,True
561,19970906-M-US_Open-SF-Greg_Rusedski-Jonas_Bjorkman,True
562,19970905-M-US_Open-SF-Michael_Chang-Patrick_Rafter,True
563,19970706-M-Wimbledon-F-Cedric_Pioline-Pete_Sampras,True
564,19970704-M-Wimbledon-SF-Pete_Sampras-Todd_Woodbridge,True
565,19970704-M-Wimbledon-SF-Michael_Stich-Cedric_Pioline,True
566,19970608-M-Roland_Garros-F-Sergi_Bruguera-Gustavo_Kuerten,True
567,19970606-M-Roland_Garros-SF-Patrick_Rafter-Sergi_Bruguera,True
568,19970606-M-Roland_Garros-SF-Gustavo_Kuerten-Filip_Dewulf,True
569,19970518-M-Rome_Masters-F-Alex_Corretja-Marcelo_Rios,True
570,19970323-M-Miami_Masters-F-Sergi_Bruguera-Thomas_Muster,True
571,19970126-M-Australian_Open-F-Pete_Sampras-Carlos_Moya,True
572,19970125-M-Australian_Open-SF-Pete_Sampras-Thomas_Muster,True
573,19970124-M-Australian_Open-SF-Michael_Chang-Carlos_Moya,True
574,19961124-M-Tour_Finals-F-Boris_Becker-Pete_Sampras,True
575,19961105-M-Paris_Masters-F-Yevgeny_Kafelnikov-Thomas_Enqvist,True
576,19961027-M-Stuttgart_Masters-F-Pete_Sampras-Boris_Becker,True
577,19960908-M-US_Open-F-Pete_Sampras-Michael_Chang,True
578,19960907-M-US_Open-SF-Pete_Sampras-Goran_Ivanisevic,True
579,19960907-M-US_Open-SF-Michael_Chang-Andre_Agassi,True
580,19960904-M-US_Open-QF-Goran_Ivanisevic-Stefan_Edberg,True
581,19960831-M-US_Open-R32-Paul_Haarhuis-Stefan_Edberg,True
582,19960828-M-US_Open-R64-Leander_Paes-Andre_Agassi,True
583,19960804-M-Olympics-F-Sergi_Bruguera-Andre_Agassi,True
584,19960707-M-Wimbledon-F-Richard_Krajicek-Malivai_Washington,True
585,19960706-M-Wimbledon-SF-Todd_Martin-Malivai_Washington,True
586,19960706-M-Wimbledon-SF-Richard_Krajicek-Jason_Stoltenberg,True
587,19960609-M-Roland_Garros-F-Michael_Stich-Yevgeny_Kafelnikov,True
588,19960608-M-Roland_Garros-SF-Michael_Stich-Marc_Rosset,True
589,19960519-M-Rome_Masters-F-Richard_Krajicek-Thomas_Muster,True
590,19960428-M-Monte_Carlo_Masters-F-Albert_Costa-Thomas_Muster,True
591,19960128-M-Australian_Open-F-Michael_Chang-Boris_Becker,True
592,19960127-M-Australian_Open-SF-Michael_Chang-Andre_Agassi,True
593,19960126-M-Australian_Open-SF-Mark_Woodforde-Boris_Becker,True
594,19960119-M-Australian_Open-R32-Mark_Philippoussis-Pete_Sampras,True
595,19951119-M-Tour_Finals-F-Michael_Chang-Boris_Becker,True
596,19951105-M-Paris_Masters-F-Pete_Sampras-Boris_Becker,True
597,19950910-M-US_Open-F-Pete_Sampras-Andre_Agassi,True
598,19950909-M-US_Open-SF-Pete_Sampras-Jim_Courier,True
599,19950909-M-US_Open-SF-Andre_Agassi-Boris_Becker,True
600,19950902-M-US_Open-R32-Stefan_Edberg-Andre_Agassi,True
601,19950709-M-Wimbledon-F-Pete_Sampras-Boris_Becker,True
602,19950708-M-Wimbledon-SF-Pete_Sampras-Goran_Ivanisevic,True
603,19950707-M-Wimbledon-SF-Boris_Becker-Andre_Agassi,True
604,19950611-M-Roland_Garros-F-Michael_Chang-Thomas_Muster,True
605,19950610-M-Roland_Garros-SF-Yevgeny_Kafelnikov-Thomas_Muster,True
606,19950522-M-Rome_Masters-F-Sergi_Bruguera-Thomas_Muster,True
607,19950514-M-Hamburg_Masters-F-Andrei_Medvedev-Goran_Ivanisevic,True
608,19950430-M-Monte_Carlo_Masters-F-Boris_Becker-Thomas_Muster,True
609,19950312-M-Indian_Wells_Masters-F-Pete_Sampras-Andre_Agassi,True
610,19950129-M-Australian_Open-F-Pete_Sampras-Andre_Agassi,True
611,19950127-M-Australian_Open-SF-Michael_Chang-Pete_Sampras,True
612,19950124-M-Australian_Open-QF-Jim_Courier-Pete_Sampras,True
613,19950119-M-Australian_Open-R32-Hendrik_Dreekmann-Stefan_Edberg,True
614,19950116-M-Australian_Open-R128-Stefan_Edberg-Mark_Philippoussis,True
615,19941120-M-Tour_Finals-F-Pete_Sampras-Boris_Becker,True
616,19941106-M-Paris_Masters-F-Andre_Agassi-Marc_Rosset,True
617,19941030-M-Stockholm-F-Boris_Becker-Goran_Ivanisevic,True
618,19940911-M-US_Open-F-Michael_Stich-Andre_Agassi,True
619,19940910-M-US_Open-SF-Todd_Martin-Andre_Agassi,True
620,19940910-M-US_Open-SF-Michael_Stich-Karel_Novacek,True
621,19940703-M-Wimbledon-F-Pete_Sampras-Goran_Ivanisevic,True
622,19940702-M-Wimbledon-SF-Todd_Martin-Pete_Sampras,True
623,19940702-M-Wimbledon-SF-Goran_Ivanisevic-Boris_Becker,True
624,19940605-M-Roland_Garros-F-Sergi_Bruguera-Alberto_Berasategui,True
625,19940604-M-Roland_Garros-SF-Alberto_Berasategui-Magnus_Larsson,True
626,19940515-M-Rome_Masters-F-Pete_Sampras-Boris_Becker,True
627,19940508-M-Hamburg_Masters-F-Yevgeny_Kafelnikov-Andrei_Medvedev,True
628,19940424-M-Monte_Carlo_Masters-F-Sergi_Bruguera-Andrei_Medvedev,True
629,19940306-M-Indian_Wells_Masters-F-Pete_Sampras-Petr_Korda,True
630,19940130-M-Australian_Open-F-Pete_Sampras-Todd_Martin,True
631,19940128-M-Australian_Open-SF-Pete_Sampras-Jim_Courier,True
632,19940127-M-Australian_Open-SF-Todd_Martin-Stefan_Edberg,True
633,19931212-M-Grand_Slam_Cup-F-Michael_Stich-Petr_Korda,True
634,19931121-M-Tour_Finals-F-Pete_Sampras-Michael_Stich,True
635,19931107-M-Paris_Masters-F-Andrei_Medvedev-Goran_Ivanisevic,True
636,19931031-M-Stockholm_Masters-F-Michael_Stich-Goran_Ivanisevic,True
637,19930924-M-Davis_Cup_World_Group_SF-RR-Mark_Kevin_Goellner-Stefan_Edberg,True
638,19930912-M-US_Open-F-Cedric_Pioline-Pete_Sampras,True
639,19930904-M-US_Open-SF-Cedric_Pioline-Wally_Masur,True
640,19930704-M-Wimbledon-F-Jim_Courier-Pete_Sampras,True
641,19930703-M-Wimbledon-SF-Pete_Sampras-Boris_Becker,True
642,19930702-M-Wimbledon-SF-Jim_Courier-Stefan_Edberg,True
643,19930701-M-Wimbledon-QF-Stefan_Edberg-Cedric_Pioline,True
644,19930606-M-Roland_Garros-F-Jim_Courier-Sergi_Bruguera,True
645,19930605-M-Roland_Garros-SF-Sergi_Bruguera-Andrei_Medvedev,True
646,19930605-M-Roland_Garros-SF-Jim_Courier-Richard_Krajicek,True
647,19930516-M-Rome_Masters-F-Jim_Courier-Goran_Ivanisevic,True
648,19930509-M-Hamburg_Masters-F-Michael_Stich-Andrei_Chesnokov,True
649,19930502-M-Madrid-F-Stefan_Edberg-Sergi_Bruguera,True
650,19930307-M-Indian_Wells_Masters-F-Jim_Courier-Wayne_Ferreira,True
651,19930131-M-Australian_Open-SF-Jim_Courier-Michael_Stich,True
652,19930131-M-Australian_Open-F-Jim_Courier-Stefan_Edberg,True
653,19930128-M-Australian_Open-SF-Pete_Sampras-Stefan_Edberg,True
654,19921122-M-Tour_Finals-F-Jim_Courier-Boris_Becker,True
655,19921108-M-Paris_Masters-F-Guy_Forget-Boris_Becker,True
656,19921101-M-Stockholm_Masters-F-Guy_Forget-Goran_Ivanisevic,True
657,19920913-M-US_Open-F-Pete_Sampras-Stefan_Edberg,True
658,19920912-M-US_Open-SF-Michael_Chang-Stefan_Edberg,True
659,19920905-M-US_Open-SF-Jim_Courier-Pete_Sampras,True
660,19920903-M-US_Open-QF-Ivan_Lendl-Stefan_Edberg,True
661,19920808-M-Olympics-F-Marc_Rosset-Jordi_Arrese,True
662,19920705-M-Wimbledon-F-Andre_Agassi-Goran_Ivanisevic,True
663,19920704-M-Wimbledon-SF-Pete_Sampras-Goran_Ivanisevic,True
664,19920704-M-Wimbledon-SF-John_Mcenroe-Andre_Agassi,True
665,19920607-M-Roland_Garros-F-Jim_Courier-Petr_Korda,True
666,19920606-M-Roland_Garros-SF-Petr_Korda-Henri_Leconte,True
667,19920606-M-Roland_Garros-SF-Jim_Courier-Andre_Agassi,True
668,19920517-M-Rome_Masters-F-Jim_Courier-Carlos_Costa,True
669,19920426-M-Monte_Carlo_Masters-F-Aaron_Krickstein-Thomas_Muster,True
670,19920126-M-Australian_Open-F-Jim_Courier-Stefan_Edberg,True
671,19920125-M-Australian_Open-SF-Wayne_Ferreira-Stefan_Edberg,True
672,19920122-M-Australian_Open-QF-Stefan_Edberg-Ivan_Lendl,True
673,19920117-M-Australian_Open-QF-Michael_Stich-Richard_Krajicek,True
674,19911117-M-Tour_Finals-F-Pete_Sampras-Jim_Courier,True
675,19911103-M-Paris_Masters-F-Pete_Sampras-Guy_Forget,True
676,19911027-M-Stockholm-F-Boris_Becker-Stefan_Edberg,True
677,19910908-M-US_Open-F-Jim_Courier-Stefan_Edberg,True
678,19910907-M-US_Open-SF-Jim_Courier-Jimmy_Connors,True
679,19910907-M-US_Open-SF-Ivan_Lendl-Stefan_Edberg,True
680,19910904-M-US_Open-QF-Javier_Sanchez-Stefan_Edberg,True
681,19910707-M-Wimbledon-F-Boris_Becker-Michael_Stich,True
682,19910706-M-Wimbledon-SF-Michael_Stich-Stefan_Edberg,True
683,19910706-M-Wimbledon-SF-David_Wheaton-Boris_Becker,True
684,19910624-M-Wimbledon-R128-Marc_Rosset-Stefan_Edberg,True
685,19910609-M-Roland_Garros-F-Andre_Agassi-Jim_Courier,True
686,19910607-M-Roland_Garros-SF-Jim_Courier-Michael_Stich,True
687,19910607-M-Roland_Garros-SF-Andre_Agassi-Boris_Becker,True
688,19910512-M-Hamburg_Masters-F-Karel_Novacek-Magnus_Gustafsson,True
689,19910428-M-Monte_Carlo_Masters-F-Sergi_Bruguera-Boris_Becker,True
690,19910310-M-Indian_Wells_Masters-F-Jim_Courier-Guy_Forget,True
691,19910127-M-Australian_Open-F-Ivan_Lendl-Boris_Becker,True
692,19910126-M-Australian_Open-SF-Boris_Becker-Patrick_Mcenroe,True
693,19910125-M-Australian_Open-SF-Stefan_Edberg-Ivan_Lendl,True
694,19901118-M-Tour_Finals-F-Andre_Agassi-Stefan_Edberg,True
695,19901028-M-Stockholm-F-Stefan_Edberg-Boris_Becker,True
696,19901007-M-Sydney_Indoor-F-Boris_Becker-Stefan_Edberg,True
697,19900909-M-US_Open-F-Andre_Agassi-Pete_Sampras,True
698,19900908-M-US_Open-SF-John_Mcenroe-Pete_Sampras,True
699,19900908-M-US_Open-SF-Andre_Agassi-Boris_Becker,True
700,19900708-M-Wimbledon-F-Boris_Becker-Stefan_Edberg,True
701,19900707-M-Wimbledon-SF-Stefan_Edberg-Ivan_Lendl,True
702,19900706-M-Wimbledon-SF-Boris_Becker-Goran_Ivanisevic,True
703,19900610-M-Roland_Garros-F-Andres_Gomez-Andre_Agassi,True
704,19900609-M-Roland_Garros-SF-Andres_Gomez-Thomas_Muster,True
705,19900609-M-Roland_Garros-SF-Andre_Agassi-Jonas_Svensson,True
706,19900513-M-Hamburg_Masters-F-Juan_Aguilera-Boris_Becker,True
707,19900429-M-Monte_Carlo_Masters-F-Andrei_Chesnokov-Thomas_Muster,True
708,19900325-M-Miami_Masters-F-Andre_Agassi-Stefan_Edberg,True
709,19900311-M-Indian_Wells_Masters-F-Andre_Agassi-Stefan_Edberg,True
710,19900203-M-Australian_Open-SF-Yannick_Noah-Ivan_Lendl,True
711,19900127-M-Australian_Open-SF-Mats_Wilander-Stefan_Edberg,True
712,19892701-M-Australian_Open-SF-Thomas_Muster-Ivan_Lendl,True
713,19891217-M-Davis_Cup_World_Group_F-RR-Stefan_Edberg-Boris_Becker,True
714,19891203-M-Tour_Finals-F-Stefan_Edberg-Boris_Becker,True
715,19891105-M-Paris_Masters-F-Stefan_Edberg-Boris_Becker,True
716,19891008-M-Basel-F-Jim_Courier-Stefan_Edberg,True
717,19890910-M-US_Open-F-Boris_Becker-Ivan_Lendl,True
718,19890909-M-US_Open-SF-Boris_Becker-Aaron_Krickstein,True
719,19890909-M-US_Open-SF-Andre_Agassi-Ivan_Lendl,True
720,19890905-M-US_Open-R16-Jimmy_Connors-Stefan_Edberg,True
721,19890709-M-Wimbledon-F-Boris_Becker-Stefan_Edberg,True
722,19890708-M-Wimbledon-SF-Ivan_Lendl-Boris_Becker,True
723,19890701-M-Wimbledon-SF-Stefan_Edberg-John_Mcenroe,True
724,19890611-M-Roland_Garros-F-Michael_Chang-Stefan_Edberg,True
725,19890609-M-Roland_Garros-SF-Stefan_Edberg-Boris_Becker,True
726,19890609-M-Roland_Garros-SF-Michael_Chang-Andrei_Chesnokov,True
727,19890129-M-Australian_Open-F-Ivan_Lendl-Miroslav_Mecir,True
728,19881216-M-Davis_Cup_World_Group_F-RR-Stefan_Edberg-Boris_Becker,True
729,19881202-M-Masters_Cup-F-Boris_Becker-Ivan_Lendl,True
730,19880911-M-US_Open-F-Mats_Wilander-Ivan_Lendl,True
731,19880910-M-US_Open-SF-Andre_Agassi-Ivan_Lendl,True
732,19880704-M-Wimbledon-F-Stefan_Edberg-Boris_Becker,True
733,19880702-M-Wimbledon-SF-Stefan_Edberg-Miroslav_Mecir,True
734,19880701-M-Wimbledon-SF-Boris_Becker-Ivan_Lendl,True
735,19880605-M-Roland_Garros-F-Mats_Wilander-Henri_Leconte,True
736,19880604-M-Roland_Garros-SF-Mats_Wilander-Andre_Agassi,True
737,19880604-M-Roland_Garros-SF-Jonas_Svensson-Henri_Leconte,True
738,19880403-M-Dallas_WCT-F-Stefan_Edberg-Boris_Becker,True
739,19880124-M-Australian_Open-F-Pat_Cash-Mats_Wilander,True
740,19880123-M-Australian_Open-SF-Stefan_Edberg-Mats_Wilander,True
741,19880122-M-Australian_Open-SF-Pat_Cash-Ivan_Lendl,True
742,19871206-M-Tour_Finals-F-Mats_Wilander-Ivan_Lendl,True
743,19871206-M-Masters-F-Mats_Wilander-Ivan_Lendl,True
744,19871108-M-Stockholm-F-Jonas_Svensson-Stefan_Edberg,True
745,19870914-M-US_Open-F-Ivan_Lendl-Mats_Wilander,True
746,19870912-M-US_Open-SF-Stefan_Edberg-Mats_Wilander,True
747,19870912-M-US_Open-SF-Jimmy_Connors-Ivan_Lendl,True
748,19870906-M-US_Open-R32-Stefan_Edberg-Kelly_Evernden,True
749,19870905-M-US_Open-R32-John_Mcenroe-Slobodan_Zivojinovic,True
750,19870901-M-US_Open-QF-John_Mcenroe-Ivan_Lendl,True
751,19870705-M-Wimbledon-F-Pat_Cash-Ivan_Lendl,True
752,19870704-M-Wimbledon-SF-Stefan_Edberg-Ivan_Lendl,True
753,19870704-M-Wimbledon-SF-Pat_Cash-Jimmy_Connors,True
754,19870607-M-Roland_Garros-F-Mats_Wilander-Ivan_Lendl,True
755,19870222-M-Indian_Wells-F-Stefan_Edberg-Boris_Becker,True
756,19870125-M-Australian_Open-F-Stefan_Edberg-Pat_Cash,True
757,19870123-M-Australian_Open-SF-Wally_Masur-Stefan_Edberg,True
758,19870123-M-Australian_Open-SF-Pat_Cash-Ivan_Lendl,True
759,19861207-M-Tour_Finals-F-Boris_Becker-Ivan_Lendl,True
760,19861207-M-Masters-F-Boris_Becker-Ivan_Lendl,True
761,19861109-M-Stockholm-F-Mats_Wilander-Stefan_Edberg,True
762,19860907-M-US_Open-F-Miroslav_Mecir-Ivan_Lendl,True
763,19860906-M-US_Open-SF-Stefan_Edberg-Ivan_Lendl,True
764,19860706-M-Wimbledon-F-Boris_Becker-Ivan_Lendl,True
765,19860704-M-Wimbledon-SF-Henri_Leconte-Boris_Becker,True
766,19860608-M-Roland_Garros-F-Mikael_Pernfors-Ivan_Lendl,True
767,19860114-M-Tour_Finals-F-Boris_Becker-Ivan_Lendl,True
768,19860114-M-Masters-F-Boris_Becker-Ivan_Lendl,True
769,19851222-M-Davis_Cup_World_Group_F-RR-Boris_Becker-Stefan_Edberg,True
770,19851208-M-Australian_Open-F-Stefan_Edberg-Mats_Wilander,True
771,19851207-M-Australian_Open-SF-Stefan_Edberg-Ivan_Lendl,True
772,19850908-M-US_Open-F-John_Mcenroe-Ivan_Lendl,True
773,19850907-M-US_Open-SF-Mats_Wilander-John_Mcenroe,True
774,19850907-M-US_Open-SF-Ivan_Lendl-Jimmy_Connors,True
775,19850907-M-Roland_Garros-SF-John_Mcenroe-Mats_Wilander,True
776,19850707-M-Wimbledon-F-Boris_Becker-Kevin_Curren,True
777,19850705-M-Wimbledon-SF-Kevin_Curren-Jimmy_Connors,True
778,19850609-M-Roland_Garros-F-Mats_Wilander-Ivan_Lendl,True
779,19850108-M-Tour_Finals-F-Ivan_Lendl-John_Mcenroe,True
780,19841209-M-Australian_Open-F-Mats_Wilander-Kevin_Curren,True
781,19840909-M-US_Open-F-John_Mcenroe-Ivan_Lendl,True
782,19840908-M-US_Open-SF-Pat_Cash-Ivan_Lendl,True
783,19840908-M-US_Open-SF-John_Mcenroe-Jimmy_Connors,True
784,19840708-M-Wimbledon-F-John_Mcenroe-Jimmy_Connors,True
785,19840706-M-Wimbledon-SF-Pat_Cash-John_Mcenroe,True
786,19840610-M-Roland_Garros-F-John_Mcenroe-Ivan_Lendl,True
787,19840608-M-Roland_Garros-SF-Mats_Wilander-Ivan_Lendl,True
788,19840608-M-Roland_Garros-SF-John_Mcenroe-Jimmy_Connors,True
789,19840115-M-Tour_Finals-F-John_Mcenroe-Ivan_Lendl,True
790,19840115-M-Masters-F-John_Mcenroe-Ivan_Lendl,True
791,19831211-M-Australian_Open-F-Mats_Wilander-Ivan_Lendl,True
792,19830911-M-US_Open-F-Jimmy_Connors-Ivan_Lendl,True
793,19830909-M-US_Open-SF-Jimmy_Connors-Bill_Scanlon,True
794,19830703-M-Wimbledon-F-Chris_Lewis-John_Mcenroe,True
795,19830701-M-Wimbledon-SF-John_Mcenroe-Ivan_Lendl,True
796,19830605-M-Roland_Garros-F-Mats_Wilander-Yannick_Noah,True
797,19830603-M-Roland_Garros-SF-Yannick_Noah-Christophe_Roger_Vasselin,True
798,19821213-M-Australian_Open-F-Steve_Denton-Johan_Kriek,True
799,19820912-M-US_Open-F-Jimmy_Connors-Ivan_Lendl,True
800,19820911-M-US_Open-SF-John_Mcenroe-Ivan_Lendl,True
801,19820704-M-Wimbledon-F-John_Mcenroe-Jimmy_Connors,True
802,19820606-M-Roland_Garros-F-Guillermo_Vilas-Mats_Wilander,True
803,19810913-M-US_Open-F-John_Mcenroe-Bjorn_Borg,True
804,19810912-M-US_Open-SF-Jimmy_Connors-Bjorn_Borg,True
805,19810911-M-US_Open-SF-Vitas_Gerulaitis-John_Mcenroe,True
806,19810704-M-Wimbledon-F-John_Mcenroe-Bjorn_Borg,True
807,19810703-M-Wimbledon-SF-Bjorn_Borg-Jimmy_Connors,True
808,19810607-M-Roland_Garros-F-Bjorn_Borg-Ivan_Lendl,True
809,19810118-M-Tour_Finals-F-Ivan_Lendl-Bjorn_Borg,True
810,19810118-M-Masters-F-Ivan_Lendl-Bjorn_Borg,True
811,19810104-M-Australian_Open-F-Kim_Warwick-Brian_Teacher,True
812,19800907-M-US_Open-F-John_Mcenroe-Bjorn_Borg,True
813,19800906-M-US_Open-SF-John_Mcenroe-Jimmy_Connors,True
814,19800906-M-US_Open-SF-Johan_Kriek-Bjorn_Borg,True
815,19800705-M-Wimbledon-SF-Brian_Gottfried-Bjorn_Borg,True
816,19800705-M-Wimbledon-F-John_Mcenroe-Bjorn_Borg,True
817,19800608-M-Roland_Garros-F-Vitas_Gerulaitis-Bjorn_Borg,True
818,19780611-M-Roland_Garros-F-Bjorn_Borg-Guillermo_Vilas,True
819,19751219-M-Davis_Cup_World_Group_F-RR-Bjorn_Borg-Jiri_Hrebec,True
820,19750101-M-Australian_Open-F-Jimmy_Connors-John_Newcombe,True
821,19740714-M-Bastad-F-Bjorn_Borg-Adriano_Panatta,True
822,19700704-M-Wimbledon-F-John_Newcombe-Ken_Rosewall,True
